A0001,22/03/2023,04/04/2023,dummy sprint 1
A0001,05/04/2023,25/04/2023,dummy sprint 2
A0001,26/04/2023,09/05/2023,dummy sprint 3
A0001,10/05/2023,23/05/2023,dummy sprint 4
A0001,24/05/2023,06/06/2023,dummy sprint 5
A0001,07/06/2023,20/06/2023,dummy sprint 6
A0001,21/06/2023,18/07/2023,dummy sprint 7
A0001,19/07/2023,30/07/2023,dummy sprint 8
A0002,07/06/2023,04/07/2023,dummy sprint 1
A0002,05/07/2023,01/08/2023,dummy sprint 2
A0002,02/08/2023,29/08/2023,dummy sprint 3
A0002,30/08/2023,26/09/2023,dummy sprint 4
A0002,27/09/2023,17/10/2023,dummy sprint 5
A0002,18/10/2023,14/11/2023,dummy sprint 6
A0002,15/11/2023,05/12/2023,dummy sprint 7
A0002,06/12/2023,09/01/2024,dummy sprint 8
A0002,10/01/2024,06/02/2024,dummy sprint 9
A0002,07/02/2024,06/03/2024,dummy sprint 10
A0002,07/03/2024,03/04/2024,dummy sprint 11
A0002,04/04/2024,18/04/2024,dummy sprint 12
